-- phpMyAdmin SQL Dump
-- version 4.8.0
-- https://www.phpmyadmin.net/
--
-- Host: 127.0.0.1
-- Generation Time: Mar 29, 2019 at 06:16 PM
-- Server version: 10.1.31-MariaDB
-- PHP Version: 7.2.4

SET SQL_MODE = "NO_AUTO_VALUE_ON_ZERO";
SET AUTOCOMMIT = 0;
START TRANSACTION;
SET time_zone = "+00:00";


/*!40101 SET @OLD_CHARACTER_SET_CLIENT=@@CHARACTER_SET_CLIENT */;
/*!40101 SET @OLD_CHARACTER_SET_RESULTS=@@CHARACTER_SET_RESULTS */;
/*!40101 SET @OLD_COLLATION_CONNECTION=@@COLLATION_CONNECTION */;
/*!40101 SET NAMES utf8mb4 */;

--
-- Database: `blog`
--

-- --------------------------------------------------------

--
-- Table structure for table `admins`
--

CREATE TABLE `admins` (
  `id` int(10) UNSIGNED NOT NULL,
  `name` varchar(255) COLLATE utf8mb4_unicode_ci NOT NULL,
  `email` varchar(255) COLLATE utf8mb4_unicode_ci NOT NULL,
  `password` varchar(255) COLLATE utf8mb4_unicode_ci NOT NULL,
  `phone` varchar(255) COLLATE utf8mb4_unicode_ci NOT NULL,
  `status` tinyint(1) NOT NULL,
  `created_at` timestamp NULL DEFAULT NULL,
  `updated_at` timestamp NULL DEFAULT NULL
) ENGINE=InnoDB DEFAULT CHARSET=utf8mb4 COLLATE=utf8mb4_unicode_ci;

--
-- Dumping data for table `admins`
--

INSERT INTO `admins` (`id`, `name`, `email`, `password`, `phone`, `status`, `created_at`, `updated_at`) VALUES
(1, 'mashud', 'mashud@gmail.com', '$2y$10$laNJw1CI4mShsMvhLCvK1.WXhWhnpJ7QmOd.hfEp9aKaazRe2Le/C', '', 0, NULL, NULL);

-- --------------------------------------------------------

--
-- Table structure for table `admin_roles`
--

CREATE TABLE `admin_roles` (
  `id` int(10) UNSIGNED NOT NULL,
  `admin_id` int(11) NOT NULL,
  `role_id` int(11) NOT NULL,
  `created_at` timestamp NULL DEFAULT NULL,
  `updated_at` timestamp NULL DEFAULT NULL
) ENGINE=InnoDB DEFAULT CHARSET=utf8mb4 COLLATE=utf8mb4_unicode_ci;

-- --------------------------------------------------------

--
-- Table structure for table `categories`
--

CREATE TABLE `categories` (
  `id` int(10) UNSIGNED NOT NULL,
  `name` varchar(255) COLLATE utf8mb4_unicode_ci NOT NULL,
  `slug` varchar(255) COLLATE utf8mb4_unicode_ci NOT NULL,
  `created_at` timestamp NULL DEFAULT NULL,
  `updated_at` timestamp NULL DEFAULT NULL
) ENGINE=InnoDB DEFAULT CHARSET=utf8mb4 COLLATE=utf8mb4_unicode_ci;

--
-- Dumping data for table `categories`
--

INSERT INTO `categories` (`id`, `name`, `slug`, `created_at`, `updated_at`) VALUES
(1, 'Cat', 'nice', '2018-07-28 12:28:04', '2018-07-28 12:28:04'),
(2, 'facebook', 'time', '2018-07-29 13:38:30', '2018-07-29 13:38:30'),
(3, 'Google', 'all', '2018-07-29 13:38:45', '2018-07-29 13:38:45'),
(4, 'gmail', 'message', '2018-07-29 13:39:02', '2018-07-29 13:39:02'),
(5, 'home', 'life', '2018-07-29 13:39:13', '2018-07-29 13:39:13');

-- --------------------------------------------------------

--
-- Table structure for table `category_posts`
--

CREATE TABLE `category_posts` (
  `post_id` int(10) UNSIGNED NOT NULL,
  `category_id` int(10) UNSIGNED NOT NULL,
  `created_at` timestamp NULL DEFAULT NULL,
  `updated_at` timestamp NULL DEFAULT NULL
) ENGINE=InnoDB DEFAULT CHARSET=utf8mb4 COLLATE=utf8mb4_unicode_ci;

--
-- Dumping data for table `category_posts`
--

INSERT INTO `category_posts` (`post_id`, `category_id`, `created_at`, `updated_at`) VALUES
(1, 1, '2018-07-28 12:31:20', '2018-07-28 12:31:20'),
(2, 1, '2018-07-29 01:35:11', '2018-07-29 01:35:11'),
(3, 1, '2018-07-29 01:36:05', '2018-07-29 01:36:05'),
(4, 1, '2018-07-29 13:37:41', '2018-07-29 13:37:41'),
(5, 2, '2018-07-29 13:41:29', '2018-07-29 13:41:29'),
(5, 4, '2018-07-29 13:41:30', '2018-07-29 13:41:30'),
(6, 2, '2018-07-29 13:42:09', '2018-07-29 13:42:09'),
(6, 5, '2018-07-29 13:42:09', '2018-07-29 13:42:09');

-- --------------------------------------------------------

--
-- Table structure for table `migrations`
--

CREATE TABLE `migrations` (
  `id` int(10) UNSIGNED NOT NULL,
  `migration` varchar(255) COLLATE utf8mb4_unicode_ci NOT NULL,
  `batch` int(11) NOT NULL
) ENGINE=InnoDB DEFAULT CHARSET=utf8mb4 COLLATE=utf8mb4_unicode_ci;

--
-- Dumping data for table `migrations`
--

INSERT INTO `migrations` (`id`, `migration`, `batch`) VALUES
(31, '2014_10_12_000000_create_users_table', 1),
(32, '2014_10_12_100000_create_password_resets_table', 1),
(33, '2018_07_18_171718_create_posts_table', 1),
(34, '2018_07_18_172727_create_tags_table', 1),
(35, '2018_07_18_173039_create_categories_table', 1),
(36, '2018_07_18_173207_create_category_posts_table', 1),
(37, '2018_07_18_173409_create_post_tags_table', 1),
(38, '2018_07_18_180411_create_admins_table', 1),
(39, '2018_07_18_180700_create_roles_table', 1),
(40, '2018_07_18_180757_create_admin_roles_table', 1);

-- --------------------------------------------------------

--
-- Table structure for table `password_resets`
--

CREATE TABLE `password_resets` (
  `email` varchar(255) COLLATE utf8mb4_unicode_ci NOT NULL,
  `token` varchar(255) COLLATE utf8mb4_unicode_ci NOT NULL,
  `created_at` timestamp NULL DEFAULT NULL
) ENGINE=InnoDB DEFAULT CHARSET=utf8mb4 COLLATE=utf8mb4_unicode_ci;

-- --------------------------------------------------------

--
-- Table structure for table `posts`
--

CREATE TABLE `posts` (
  `id` int(10) UNSIGNED NOT NULL,
  `title` varchar(256) COLLATE utf8mb4_unicode_ci NOT NULL,
  `subtitle` varchar(100) COLLATE utf8mb4_unicode_ci NOT NULL,
  `slug` varchar(100) COLLATE utf8mb4_unicode_ci NOT NULL,
  `body` text COLLATE utf8mb4_unicode_ci NOT NULL,
  `status` tinyint(1) DEFAULT NULL,
  `posted_by` int(11) DEFAULT NULL,
  `image` int(11) DEFAULT NULL,
  `like` int(11) DEFAULT NULL,
  `dislike` int(11) DEFAULT NULL,
  `created_at` timestamp NULL DEFAULT NULL,
  `updated_at` timestamp NULL DEFAULT NULL
) ENGINE=InnoDB DEFAULT CHARSET=utf8mb4 COLLATE=utf8mb4_unicode_ci;

--
-- Dumping data for table `posts`
--

INSERT INTO `posts` (`id`, `title`, `subtitle`, `slug`, `body`, `status`, `posted_by`, `image`, `like`, `dislike`, `created_at`, `updated_at`) VALUES
(1, 'bagladeh', 'niec to do this', 'nice-to-do', '<p style=\"text-align: justify;\"><em><strong>Lorem</strong> </em>Ipsum is simply dummy text of the printing and typesetting industry. Lorem Ipsum has been the industry\'s standard dummy text ever since the 1500s, when an unknown printer took a galley of type and scrambled it to make a type specimen book. It has survived not only five centur<em>ies, but also the leap into electronic typesetting, remaining essentially unchanged. It was popularised in the 1960s with the release of Letraset sheets containing Lorem Ipsum passages, and more recently with desktop publishing software like Aldus PageMaker including versions of Lorem Ipsum.</em></p>', 1, NULL, NULL, NULL, NULL, '2018-07-28 12:31:20', '2018-07-28 21:44:41'),
(2, 'This is second', 'subtitle', 'go', '<p>dont be sad</p>', 1, NULL, NULL, NULL, NULL, '2018-07-29 01:35:10', '2018-07-29 01:35:10'),
(3, 'hi', 'There', 'nice', '<p>sdafsda</p>', 1, NULL, NULL, NULL, NULL, '2018-07-29 01:36:05', '2018-07-29 01:36:05'),
(4, 'Tag', 'good-to-do', 'nice', '<p>Lorem Ipsum is simply dummy text of the printing and typesetting industry. Lorem Ipsum has been the industry\'s standard dummy text ever since the 1500s, when an unknown printer took a galley of type and scrambled it to make a type specimen book. It has survived not only five centuries, but also the leap into electronic typesetting, remaining essentially unchanged. It was popularised in the 1960s with the release of Letraset sheets containing Lorem Ipsum passages, and more recently with desktop publishing software like Aldus PageMaker including versions of Lorem Ipsum.</p>', 1, NULL, NULL, NULL, NULL, '2018-07-29 13:37:41', '2018-07-29 13:37:41'),
(5, 'hope you undestant', 'go-to-hale', 'nice', '<p><strong style=\"margin: 0px; padding: 0px; color: #000000; font-family: \'Open Sans\', Arial, sans-serif; font-size: 14px; font-style: normal; font-variant-ligatures: normal; font-variant-caps: normal; letter-spacing: normal; orphans: 2; text-align: justify; text-indent: 0px; text-transform: none; white-space: normal; widows: 2; word-spacing: 0px; -webkit-text-stroke-width: 0px; background-color: #ffffff; text-decoration-style: initial; text-decoration-color: initial;\">Lorem Ipsum</strong><span style=\"color: #000000; font-family: \'Open Sans\', Arial, sans-serif; font-size: 14px; font-style: normal; font-variant-ligatures: normal; font-variant-caps: normal; font-weight: 400; letter-spacing: normal; orphans: 2; text-align: justify; text-indent: 0px; text-transform: none; white-space: normal; widows: 2; word-spacing: 0px; -webkit-text-stroke-width: 0px; background-color: #ffffff; text-decoration-style: initial; text-decoration-color: initial; display: inline !important; float: none;\">&nbsp;is simply dummy text of the printing and typesetting industry. Lorem Ipsum has been the industry\'s standard dummy text ever since the 1500s, when an unknown printer took a galley of type and scrambled it to make a type specimen book. It has survived not only five centuries, but also the leap into electronic typesetting, remaining essentially unchanged. It was popularised in the 1960s with the release of Letraset sheets containing Lorem Ipsum passages, and more recently with desktop publishing software like Aldus PageMaker including versions of Lorem Ipsum.</span></p>', 1, NULL, NULL, NULL, NULL, '2018-07-29 13:41:29', '2018-07-29 13:41:29'),
(6, 'go', 'nice to do', 'I need help', '<p><strong style=\"margin: 0px; padding: 0px; color: #000000; font-family: \'Open Sans\', Arial, sans-serif; font-size: 14px; font-style: normal; font-variant-ligatures: normal; font-variant-caps: normal; letter-spacing: normal; orphans: 2; text-align: justify; text-indent: 0px; text-transform: none; white-space: normal; widows: 2; word-spacing: 0px; -webkit-text-stroke-width: 0px; background-color: #ffffff; text-decoration-style: initial; text-decoration-color: initial;\">Lorem Ipsum</strong><span style=\"color: #000000; font-family: \'Open Sans\', Arial, sans-serif; font-size: 14px; font-style: normal; font-variant-ligatures: normal; font-variant-caps: normal; font-weight: 400; letter-spacing: normal; orphans: 2; text-align: justify; text-indent: 0px; text-transform: none; white-space: normal; widows: 2; word-spacing: 0px; -webkit-text-stroke-width: 0px; background-color: #ffffff; text-decoration-style: initial; text-decoration-color: initial; display: inline !important; float: none;\">&nbsp;is simply dummy text of the printing and typesetting industry. Lorem Ipsum has been the industry\'s standard dummy text ever since the 1500s, when an unknown printer took a galley of type and scrambled it to make a type specimen book. It has survived not only five centuries, but also the leap into electronic typesetting, remaining essentially unchanged. It was popularised in the 1960s with the release of Letraset sheets containing Lorem Ipsum passages, and more recently with desktop publishing software like Aldus PageMaker including versions of Lorem Ipsum.</span></p>', 1, NULL, NULL, NULL, NULL, '2018-07-29 13:42:09', '2018-07-29 13:42:09');

-- --------------------------------------------------------

--
-- Table structure for table `post_tags`
--

CREATE TABLE `post_tags` (
  `post_id` int(10) UNSIGNED NOT NULL,
  `tag_id` int(10) UNSIGNED NOT NULL,
  `created_at` timestamp NULL DEFAULT NULL,
  `updated_at` timestamp NULL DEFAULT NULL
) ENGINE=InnoDB DEFAULT CHARSET=utf8mb4 COLLATE=utf8mb4_unicode_ci;

--
-- Dumping data for table `post_tags`
--

INSERT INTO `post_tags` (`post_id`, `tag_id`, `created_at`, `updated_at`) VALUES
(1, 1, '2018-07-28 12:31:20', '2018-07-28 12:31:20'),
(1, 2, '2018-07-28 12:31:20', '2018-07-28 12:31:20'),
(2, 1, '2018-07-29 01:35:11', '2018-07-29 01:35:11'),
(3, 2, '2018-07-29 01:36:05', '2018-07-29 01:36:05'),
(4, 1, '2018-07-29 13:37:41', '2018-07-29 13:37:41'),
(4, 2, '2018-07-29 13:37:41', '2018-07-29 13:37:41'),
(5, 2, '2018-07-29 13:41:29', '2018-07-29 13:41:29'),
(5, 3, '2018-07-29 13:41:29', '2018-07-29 13:41:29'),
(6, 1, '2018-07-29 13:42:09', '2018-07-29 13:42:09'),
(6, 2, '2018-07-29 13:42:09', '2018-07-29 13:42:09');

-- --------------------------------------------------------

--
-- Table structure for table `roles`
--

CREATE TABLE `roles` (
  `id` int(10) UNSIGNED NOT NULL,
  `name` varchar(255) COLLATE utf8mb4_unicode_ci NOT NULL,
  `created_at` timestamp NULL DEFAULT NULL,
  `updated_at` timestamp NULL DEFAULT NULL
) ENGINE=InnoDB DEFAULT CHARSET=utf8mb4 COLLATE=utf8mb4_unicode_ci;

-- --------------------------------------------------------

--
-- Table structure for table `tags`
--

CREATE TABLE `tags` (
  `id` int(10) UNSIGNED NOT NULL,
  `name` varchar(255) COLLATE utf8mb4_unicode_ci NOT NULL,
  `slug` varchar(255) COLLATE utf8mb4_unicode_ci NOT NULL,
  `created_at` timestamp NULL DEFAULT NULL,
  `updated_at` timestamp NULL DEFAULT NULL
) ENGINE=InnoDB DEFAULT CHARSET=utf8mb4 COLLATE=utf8mb4_unicode_ci;

--
-- Dumping data for table `tags`
--

INSERT INTO `tags` (`id`, `name`, `slug`, `created_at`, `updated_at`) VALUES
(1, 'Computer', 'good-computer', '2018-07-28 12:08:05', '2018-07-28 12:08:05'),
(2, 'phone', 'Androud-phone', '2018-07-28 12:08:59', '2018-07-28 12:08:59'),
(3, 'Calculater', 'math', '2018-07-29 13:39:47', '2018-07-29 13:39:47'),
(4, 'bagnaldesh', 'sutipara', '2018-07-29 13:40:04', '2018-07-29 13:40:04');

-- --------------------------------------------------------

--
-- Table structure for table `users`
--

CREATE TABLE `users` (
  `id` int(10) UNSIGNED NOT NULL,
  `name` varchar(255) COLLATE utf8mb4_unicode_ci NOT NULL,
  `email` varchar(255) COLLATE utf8mb4_unicode_ci NOT NULL,
  `password` varchar(255) COLLATE utf8mb4_unicode_ci NOT NULL,
  `remember_token` varchar(100) COLLATE utf8mb4_unicode_ci DEFAULT NULL,
  `created_at` timestamp NULL DEFAULT NULL,
  `updated_at` timestamp NULL DEFAULT NULL
) ENGINE=InnoDB DEFAULT CHARSET=utf8mb4 COLLATE=utf8mb4_unicode_ci;

--
-- Dumping data for table `users`
--

INSERT INTO `users` (`id`, `name`, `email`, `password`, `remember_token`, `created_at`, `updated_at`) VALUES
(1, 'Mashud', 'mashud624496@gmail.com', '$2y$10$laNJw1CI4mShsMvhLCvK1.WXhWhnpJ7QmOd.hfEp9aKaazRe2Le/C', 'cbgi0k18Jjef2CjVZAlMfdcejnWBqeYslcfjElCNZLHA7gvr6VJWwfYXlH5L', '2018-07-30 13:33:27', '2018-07-30 13:33:27');

--
-- Indexes for dumped tables
--

--
-- Indexes for table `admins`
--
ALTER TABLE `admins`
  ADD PRIMARY KEY (`id`);

--
-- Indexes for table `admin_roles`
--
ALTER TABLE `admin_roles`
  ADD PRIMARY KEY (`id`);

--
-- Indexes for table `categories`
--
ALTER TABLE `categories`
  ADD PRIMARY KEY (`id`);

--
-- Indexes for table `category_posts`
--
ALTER TABLE `category_posts`
  ADD KEY `category_posts_post_id_index` (`post_id`),
  ADD KEY `category_posts_category_id_index` (`category_id`);

--
-- Indexes for table `migrations`
--
ALTER TABLE `migrations`
  ADD PRIMARY KEY (`id`);

--
-- Indexes for table `posts`
--
ALTER TABLE `posts`
  ADD PRIMARY KEY (`id`);

--
-- Indexes for table `post_tags`
--
ALTER TABLE `post_tags`
  ADD KEY `post_tags_post_id_index` (`post_id`),
  ADD KEY `post_tags_tag_id_index` (`tag_id`);

--
-- Indexes for table `roles`
--
ALTER TABLE `roles`
  ADD PRIMARY KEY (`id`);

--
-- Indexes for table `tags`
--
ALTER TABLE `tags`
  ADD PRIMARY KEY (`id`);

--
-- Indexes for table `users`
--
ALTER TABLE `users`
  ADD PRIMARY KEY (`id`);

--
-- AUTO_INCREMENT for dumped tables
--

--
-- AUTO_INCREMENT for table `admins`
--
ALTER TABLE `admins`
  MODIFY `id` int(10) UNSIGNED NOT NULL AUTO_INCREMENT, AUTO_INCREMENT=2;

--
-- AUTO_INCREMENT for table `admin_roles`
--
ALTER TABLE `admin_roles`
  MODIFY `id` int(10) UNSIGNED NOT NULL AUTO_INCREMENT;

--
-- AUTO_INCREMENT for table `categories`
--
ALTER TABLE `categories`
  MODIFY `id` int(10) UNSIGNED NOT NULL AUTO_INCREMENT, AUTO_INCREMENT=6;

--
-- AUTO_INCREMENT for table `migrations`
--
ALTER TABLE `migrations`
  MODIFY `id` int(10) UNSIGNED NOT NULL AUTO_INCREMENT, AUTO_INCREMENT=41;

--
-- AUTO_INCREMENT for table `posts`
--
ALTER TABLE `posts`
  MODIFY `id` int(10) UNSIGNED NOT NULL AUTO_INCREMENT, AUTO_INCREMENT=7;

--
-- AUTO_INCREMENT for table `roles`
--
ALTER TABLE `roles`
  MODIFY `id` int(10) UNSIGNED NOT NULL AUTO_INCREMENT;

--
-- AUTO_INCREMENT for table `tags`
--
ALTER TABLE `tags`
  MODIFY `id` int(10) UNSIGNED NOT NULL AUTO_INCREMENT, AUTO_INCREMENT=5;

--
-- AUTO_INCREMENT for table `users`
--
ALTER TABLE `users`
  MODIFY `id` int(10) UNSIGNED NOT NULL AUTO_INCREMENT, AUTO_INCREMENT=2;

--
-- Constraints for dumped tables
--

--
-- Constraints for table `category_posts`
--
ALTER TABLE `category_posts`
  ADD CONSTRAINT `category_posts_post_id_foreign` FOREIGN KEY (`post_id`) REFERENCES `posts` (`id`) ON DELETE CASCADE;
COMMIT;

/*!40101 SET CHARACTER_SET_CLIENT=@OLD_CHARACTER_SET_CLIENT */;
/*!40101 SET CHARACTER_SET_RESULTS=@OLD_CHARACTER_SET_RESULTS */;
/*!40101 SET COLLATION_CONNECTION=@OLD_COLLATION_CONNECTION */;
